# migration_id	file	sha256	source_mode	phase	schema	order
V20260912	V20260912__judge_pipeline.sql	b024042aeb12e22761316eca544891b718a6c7ac5ecfebb4ab833c366a892ec7	ALL	standard	db_problem	10
V20260920	V20260920__judge_admin_pages.sql	e95fcae33178c0870c54a7b6af379f64afc448bb7cb37bf57b1ddacd18ade394	ALL	standard	db_problem	20
V20260921	V20260921__user_profile.sql	b703a24e00b3b3ed568fb841493b3fa3342f43477c5accc9c932ff0be5b6ece0	ALL	standard	db_user	30
V20260922_ACCESS	V20260922__backend_access_permission.sql	c6843f2c345954459394ff10f7911bc36be0477d7695c11f9483bf074af54776	ALL	standard	db_user	40
V20260922_SYSTEM	V20260922__system_permissions.sql	95a55268b0231917730a757a71374b97fa3e7dded33d3695e3b25de008f72bf0	ALL	standard	db_user	50
V20260922_ROUTES	V20260922__backend_route_permissions.sql	9888175d6b0dfce5b44a61ab5f994dbc4bb4145c97811af239ec3a2199dfe513	ALL	standard	db_user	60
V20260924	V20260924__role_display_special.sql	18fbf346b26baf51ec496b23631c0dd2edd799ef178a89e1bab99bc10f427770	ALL	standard	db_user	70
V20260925	V20260925__faq.sql	1ac1e9fdb953b9698906a8554dcae5ce6f1a1153ca80d171831bd94b3bb80be4	ALL	standard	db_content	80
V20260925_1	V20260925_1__faq_admin_route.sql	c330b18a3fdc11132fd8071b07c9f1986f7a176313c3f0ee398a8638cc70aa6b	ALL	standard	db_user	90
V20260925_2	V20260925_2__remove_redundant_permissions.sql	6f2d63434eef01d985e9788ec917bdca846fae736b8711dbabf92221712edf62	ALL	standard	db_user	100
V20261003_1	V20261003_1__account_policies.sql	826500c8b6c6299bbacd684b5175405b4788a784272c62d19006f57c0ea04214	ALL	standard	db_user	110
V20261003_2	V20261003_2__profile_heatmap_index.sql	b7cb8ba1e7076b6b99dce596b0cc1cac3f272a46e7ea7055c1c1e2a4677556d5	ALL	standard	db_problem	120
V20261004_1	V20261004_1__user_social.sql	667063a2bd0f1d8ca8d52eb01b5e5842509b6b18c07c5fad0172b7523bf64751	ALL	standard	db_user	130
V20261004_2	V20261004_2__solution_interactions.sql	54dcaf7e041bd73a37044e9ca10ef4ed2806e530ee6519b12e05d3d68c383d32	LEGACY	source-normalize	db_problem	140
V20261004_3	V20261004_3__interaction_permissions.sql	7613129c62eb4260ceafaec6a64a941385413cf6f9a99fbc65ff09061c9d4802	ALL	standard	db_user	150
V20261004_4	V20261004_4__content_solution_schema.sql	96047f6526171bb6bc0b4ce39022020d3325717986d25ccf39d1e0de27f5370f	ALL	content-prepare	db_content	160
V20261004_5	V20261004_5__content_solution_transfer.sql	e540ec4fa69a4dceb206c7100104097e44c07ea17afd25cc295ca9e34ddac959	ALL	copy	db_problem,db_content	170
V20261004_6	V20261004_6__contest_final_rank.sql	78f281255f1c7c6b028c57c36dc1ab802cc7f28ef79654e0564d2550e6eebc3a	ALL	standard	db_problem	180
V20261004_7	V20261004_7__contest_list_restrict.sql	81ac77fac4afc3150cf6eae2f679471eb9c62e31642535c52aa361b45fec819a	ALL	standard	db_problem	190
